Workbook

Sheet Comparison
A1: El Bash – Packaging price comparison
A2: Prices are $ a piece. Option prices come from the Quotes tab (green). Fill the yellow column with how many you use a month to see the saving.
A4: Box | B4: Item | C4: Used for | D4: Now ($ a piece) | E4: Option 1 | G4: Option 2 | I4: Option 3 | K4: Cheapest quote ($ a piece) | L4: Saving a piece ($) | M4: Saving % | N4: Pieces used a month | O4: Saving a month ($) | P4: Recommendation
E5: Supplier and product | F5: $ a piece | G5: Supplier and product | H5: $ a piece | I5: Supplier and product | J5: $ a piece
A6: A | B6: Wings box (kraft, flat) | C6: Wings meals | D6: 0.302 | E6: =Quotes!D7&": "&Quotes!E7 -> ProdelPak (Lebanon): Take-out box for broasted chicken & fries | F6: =IF(Quotes!I7="","ask",Quotes!I7) -> 0.225 | K6: =IF(COUNT(F6,H6,J6)=0,"",MIN(F6,H6,J6)) -> 0.225 | L6: =IF(OR(D6="",K6=""),"",D6-K6) -> 0.077 | M6: =IF(L6="","",L6/D6) -> 0.25496689 | O6: =IF(OR(L6="",N6=""),"",L6*N6) | P6: Switch to ProdelPak if 14 wings fit
A7: B | B7: Large fries bowl with lid (kraft) | C7: Loaded fries, large fries | E7: =Quotes!D8&": "&Quotes!E8 -> ProdelPak (Lebanon): Round paper bowl 1000 ml with PET lid (black outside, kraft inside) | F7: =IF(Quotes!I8="","ask",Quotes!I8) -> 0.17 | G7: =Quotes!D9&": "&Quotes!E9 -> ProdelPak (Lebanon): Square kraft paper bowl with PET lid, 1400 ml | H7: =IF(Quotes!I9="","ask",Quotes!I9) -> 0.221 | I7: =Quotes!D10&": "&Quotes!E10 -> ProdelPak (Lebanon): Ecopulp 48 oz bowl with PET lid | J7: =IF(Quotes!I10="","ask",Quotes!I10) -> 0.47 | K7: =IF(COUNT(F7,H7,J7)=0,"",MIN(F7,H7,J7)) -> 0.17 | L7: =IF(OR(D7="",K7=""),"",D7-K7) | M7: =IF(L7="","",L7/D7) | O7: =IF(OR(L7="",N7=""),"",L7*N7) | P7: Get ProdelPak 1000 ml bowl ($0.17)
A8: C | B8: Small fries bowl (kraft) | C8: Small fries with sauce | E8: =Quotes!D11&": "&Quotes!E11 -> ProdelPak (Lebanon): Square kraft paper bowl with PET lid, 500 ml | F8: =IF(Quotes!I11="","ask",Quotes!I11) -> 0.135 | G8: =Quotes!D12&": "&Quotes!E12 -> ProdelPak (Lebanon): Kraft soup cup with paper lid, 8 to 32 oz | H8: =IF(Quotes!I12="","ask",Quotes!I12) -> 0.126 | K8: =IF(COUNT(F8,H8,J8)=0,"",MIN(F8,H8,J8)) -> 0.126 | L8: =IF(OR(D8="",K8=""),"",D8-K8) | M8: =IF(L8="","",L8/D8) | O8: =IF(OR(L8="",N8=""),"",L8*N8) | P8: Get ProdelPak 500 ml bowl with lid
A9: D | B9: Meal box (white foam, large) | C9: Crispy, Zinger, Escalope meals | E9: =Quotes!D13&": "&Quotes!E13 -> WebstaurantStore (USA, for comparison): Foam hinged container 9 x 9 x 3 in | F9: =IF(Quotes!I13="","ask",Quotes!I13) -> 0.13745 | K9: =IF(COUNT(F9,H9,J9)=0,"",MIN(F9,H9,J9)) -> 0.13745 | L9: =IF(OR(D9="",K9=""),"",D9-K9) | M9: =IF(L9="","",L9/D9) | O9: =IF(OR(L9="",N9=""),"",L9*N9) | P9: Ask wholesaler / Al Walid Plast; $1 is too high
A10: E | B10: Sub box (kraft) | C10: Fajita, Philadelphia, Tawouk, Shawarma | D10: 0.15 | E10: =Quotes!D14&": "&Quotes!E14 -> ProdelPak (Lebanon): Flower sandwich box, kraft, size XXL | F10: =IF(Quotes!I14="","ask",Quotes!I14) -> 0.138 | G10: =Quotes!D15&": "&Quotes!E15 -> ProdelPak (Lebanon): Ecomi Doner sandwich box 17.5 x 6 x 5 cm | H10: =IF(Quotes!I15="","ask",Quotes!I15) -> 0.059 | K10: =IF(COUNT(F10,H10,J10)=0,"",MIN(F10,H10,J10)) -> 0.059 | L10: =IF(OR(D10="",K10=""),"",D10-K10) -> 0.091 | M10: =IF(L10="","",L10/D10) -> 0.60666667 | O10: =IF(OR(L10="",N10=""),"",L10*N10) | P10: Ask ProdelPak for a sample of the sandwich box
A11: F | B11: Sub box (white foam) | C11: Sandwiches | D11: 0.065 | E11: No cheaper option found online | K11: =IF(COUNT(F11,H11,J11)=0,"",MIN(F11,H11,J11)) | L11: =IF(OR(D11="",K11=""),"",D11-K11) | M11: =IF(L11="","",L11/D11) | O11: =IF(OR(L11="",N11=""),"",L11*N11) | P11: Keep current supplier
A12: G | B12: Burger box (kraft) | C12: Burgers, appetizers | D12: 0.18 | E12: =Quotes!D16&": "&Quotes!E16 -> ProdelPak (Lebanon): SwipeBox burger box, kraft, 12.5 x 12.5 x 7.5 cm | F12: =IF(Quotes!I16="","ask",Quotes!I16) -> 0.09 | G12: =Quotes!D17&": "&Quotes!E17 -> ProdelPak (Lebanon): Burger Clam box, kraft, 12 x 11.5 x 6.5 cm | H12: =IF(Quotes!I17="","ask",Quotes!I17) -> 0.089 | K12: =IF(COUNT(F12,H12,J12)=0,"",MIN(F12,H12,J12)) -> 0.089 | L12: =IF(OR(D12="",K12=""),"",D12-K12) -> 0.091 | M12: =IF(L12="","",L12/D12) -> 0.50555556 | O12: =IF(OR(L12="",N12=""),"",L12*N12) | P12: Switch to ProdelPak: half the price
A13: H | B13: Zinger box (white foam) | C13: Zinger, Cordon Bleu | D13: 0.05 | E13: No cheaper option found online | K13: =IF(COUNT(F13,H13,J13)=0,"",MIN(F13,H13,J13)) | L13: =IF(OR(D13="",K13=""),"",D13-K13) | M13: =IF(L13="","",L13/D13) | O13: =IF(OR(L13="",N13=""),"",L13*N13) | P13: Keep current supplier
A14: I | B14: Small fries box (white foam) | C14: Small fries box | D14: 0.05 | E14: No cheaper option found online | K14: =IF(COUNT(F14,H14,J14)=0,"",MIN(F14,H14,J14)) | L14: =IF(OR(D14="",K14=""),"",D14-K14) | M14: =IF(L14="","",L14/D14) | O14: =IF(OR(L14="",N14=""),"",L14*N14) | P14: Keep current supplier
A15: J | B15: Big burger box (kraft) | C15: Crunchy burger | E15: =Quotes!D18&": "&Quotes!E18 -> ProdelPak (Lebanon): Flower burger box L, 12.5 x 12.5 x 7.5 cm | F15: =IF(Quotes!I18="","ask",Quotes!I18) -> ask | K15: =IF(COUNT(F15,H15,J15)=0,"",MIN(F15,H15,J15)) | L15: =IF(OR(D15="",K15=""),"",D15-K15) | M15: =IF(L15="","",L15/D15) | O15: =IF(OR(L15="",N15=""),"",L15*N15) | P15: Ask ProdelPak for a quote
A16: K | B16: Large meal box with handle (kraft) | C16: Meals 6–7 pcs, family meals | E16: =Quotes!D19&": "&Quotes!E19 -> ProdelPak (Lebanon): Take-out box with handle L, 23 x 14 x 12.5 cm | F16: =IF(Quotes!I19="","ask",Quotes!I19) -> ask | G16: =Quotes!D20&": "&Quotes!E20 -> ProdelPak (Lebanon): Club Box with handles, 17 x 12 x 7.5 cm | H16: =IF(Quotes!I20="","ask",Quotes!I20) -> ask | K16: =IF(COUNT(F16,H16,J16)=0,"",MIN(F16,H16,J16)) | L16: =IF(OR(D16="",K16=""),"",D16-K16) | M16: =IF(L16="","",L16/D16) | O16: =IF(OR(L16="",N16=""),"",L16*N16) | P16: Ask ProdelPak for a quote
A17: L | B17: Broasted bucket | C17: Broasted family 10 pcs | E17: =Quotes!D21&": "&Quotes!E21 -> Restaurantware (UAE, for comparison): Bio Tek paper chicken bucket 85 oz with lid | F17: =IF(Quotes!I21="","ask",Quotes!I21) -> 0.7500885 | G17: =Quotes!D22&": "&Quotes!E22 -> Restaurantware (UAE, for comparison): Bio Tek paper chicken bucket 130 oz with lid | H17: =IF(Quotes!I22="","ask",Quotes!I22) -> 0.82774677 | I17: =Quotes!D23&": "&Quotes!E23 -> Restaurantware (UAE, for comparison): Bio Tek paper chicken bucket 150 oz with lid | J17: =IF(Quotes!I23="","ask",Quotes!I23) -> 1.0639619 | K17: =IF(COUNT(F17,H17,J17)=0,"",MIN(F17,H17,J17)) -> 0.7500885 | L17: =IF(OR(D17="",K17=""),"",D17-K17) | M17: =IF(L17="","",L17/D17) | O17: =IF(OR(L17="",N17=""),"",L17*N17) | P17: Ask ProdelPak / Katra Press; UAE price is a reference only
A18: M | B18: Aluminium tray, ½ kg | C18: ½ kg family meals | D18: 0.15 | E18: =Quotes!D24&": "&Quotes!E24 -> Hotpack / Falcon 8389 (UAE shop, for comparison): Aluminium container 890 ml with lid | F18: =IF(Quotes!I24="","ask",Quotes!I24) -> 0.18924438 | K18: =IF(COUNT(F18,H18,J18)=0,"",MIN(F18,H18,J18)) -> 0.18924438 | L18: =IF(OR(D18="",K18=""),"",D18-K18) -> -0.039244384 | M18: =IF(L18="","",L18/D18) -> -0.26162923 | O18: =IF(OR(L18="",N18=""),"",L18*N18) | P18: Keep current supplier
A19: N | B19: Aluminium tray, 1 kg | C19: 1 kg family meals | D19: 0.3 | E19: =Quotes!D25&": "&Quotes!E25 -> Hotpack 83185 (UAE shop, for comparison): Aluminium container 1850 ml with lid | F19: =IF(Quotes!I25="","ask",Quotes!I25) -> 0.38121171 | K19: =IF(COUNT(F19,H19,J19)=0,"",MIN(F19,H19,J19)) -> 0.38121171 | L19: =IF(OR(D19="",K19=""),"",D19-K19) -> -0.081211709 | M19: =IF(L19="","",L19/D19) -> -0.2707057 | O19: =IF(OR(L19="",N19=""),"",L19*N19) | P19: Keep current supplier
B20: Total saving a month | O20: =SUM(O6:O19) -> 0
A22: Key: blue = prices you pay now (inputs) · green = pulled from the Quotes tab · yellow = fill in · "ask" = supplier sells it but shows no price online.

Sheet Quotes
A1: El Bash – Packaging quotes, checked online 22 Oct 2026
B3: L.L. per $ | C3: 89500
B4: AED per $ | C4: 3.6725
A6: Box | B6: Item | C6: Now ($ a piece) | D6: Supplier | E6: Product and size | F6: Pieces in pack | G6: Pack price | H6: Currency | I6: Price a piece ($) | J6: Saving a piece ($) | K6: Notes | L6: Link
A7: A | B7: Wings box (kraft, flat) | C7: 0.302 | D7: ProdelPak (Lebanon) | E7: Take-out box for broasted chicken & fries | F7: 250 | G7: 56.25 | H7: $ | I7: =IF(OR(F7="",G7=""),"",G7/F7/IF(H7="AED",$C$4,IF(H7="L.L.",$C$3,1))) -> 0.225 | J7: =IF(OR(C7="",I7=""),"",C7-I7) -> 0.077 | K7: Closest match to box A; check the size fits 14 wings | L7: https://prodelpak.com/product/take-out-for-broasted-chicken-and-fries/
A8: B | B8: Large fries bowl with lid (kraft) | D8: ProdelPak (Lebanon) | E8: Round paper bowl 1000 ml with PET lid (black outside, kraft inside) | F8: 300 | G8: 51 | H8: $ | I8: =IF(OR(F8="",G8=""),"",G8/F8/IF(H8="AED",$C$4,IF(H8="L.L.",$C$3,1))) -> 0.17 | J8: =IF(OR(C8="",I8=""),"",C8-I8) | L8: https://prodelpak.com/product/round-paper-bowl-with-pet-lid-1000-ml-black-color-with-kraft-color-inside/
A9: B | B9: Large fries bowl with lid (kraft) | D9: ProdelPak (Lebanon) | E9: Square kraft paper bowl with PET lid, 1400 ml | F9: 1 | G9: 0.221 | H9: $ | I9: =IF(OR(F9="",G9=""),"",G9/F9/IF(H9="AED",$C$4,IF(H9="L.L.",$C$3,1))) -> 0.221 | J9: =IF(OR(C9="",I9=""),"",C9-I9) | K9: Same bowl from 500 ml is $0.135 | L9: https://prodelpak.com/product/square-paper-bowl-for-salads-and-food-with-pet-lid-sealable-500-1400-ml/
A10: B | B10: Large fries bowl with lid (kraft) | D10: ProdelPak (Lebanon) | E10: Ecopulp 48 oz bowl with PET lid | F10: 300 | G10: 141 | H10: $ | I10: =IF(OR(F10="",G10=""),"",G10/F10/IF(H10="AED",$C$4,IF(H10="L.L.",$C$3,1))) -> 0.47 | J10: =IF(OR(C10="",I10=""),"",C10-I10) | K10: Sugarcane fibre, sturdier, dearer | L10: https://prodelpak.com/product/ecopulp-hrv-cb48-base-48-ozpet-lid/
A11: C | B11: Small fries bowl (kraft) | D11: ProdelPak (Lebanon) | E11: Square kraft paper bowl with PET lid, 500 ml | F11: 1 | G11: 0.135 | H11: $ | I11: =IF(OR(F11="",G11=""),"",G11/F11/IF(H11="AED",$C$4,IF(H11="L.L.",$C$3,1))) -> 0.135 | J11: =IF(OR(C11="",I11=""),"",C11-I11) | K11: Comes with a lid | L11: https://prodelpak.com/product/square-paper-bowl-for-salads-and-food-with-pet-lid-sealable-500-1400-ml/
A12: C | B12: Small fries bowl (kraft) | D12: ProdelPak (Lebanon) | E12: Kraft soup cup with paper lid, 8 to 32 oz | F12: 1 | G12: 0.126 | H12: $ | I12: =IF(OR(F12="",G12=""),"",G12/F12/IF(H12="AED",$C$4,IF(H12="L.L.",$C$3,1))) -> 0.126 | J12: =IF(OR(C12="",I12=""),"",C12-I12) | K12: $0.126 to $0.176 by size | L12: https://prodelpak.com/product/soup-cup-with-paper-lids-8oz-to-32-oz-white-and-kraft/
A13: D | B13: Meal box (white foam, large) | D13: WebstaurantStore (USA, for comparison) | E13: Foam hinged container 9 x 9 x 3 in | F13: 200 | G13: 27.49 | H13: $ | I13: =IF(OR(F13="",G13=""),"",G13/F13/IF(H13="AED",$C$4,IF(H13="L.L.",$C$3,1))) -> 0.13745 | J13: =IF(OR(C13="",I13=""),"",C13-I13) | K13: US price, no Lebanese price online. Ask Al Walid Plast or your wholesaler; expect about $0.10 to $0.20, so $1 is wrong | L13: https://www.webstaurantstore.com/47305/foam-hinged-take-out-containers.html
A14: E | B14: Sub box (kraft) | C14: 0.15 | D14: ProdelPak (Lebanon) | E14: Flower sandwich box, kraft, size XXL | F14: 1 | G14: 0.138 | H14: $ | I14: =IF(OR(F14="",G14=""),"",G14/F14/IF(H14="AED",$C$4,IF(H14="L.L.",$C$3,1))) -> 0.138 | J14: =IF(OR(C14="",I14=""),"",C14-I14) -> 0.012 | K14: XS to XXL: $0.088 to $0.138 | L14: https://prodelpak.com/product-section/sandwiches-wraps/page/2/
A15: E | B15: Sub box (kraft) | C15: 0.15 | D15: ProdelPak (Lebanon) | E15: Ecomi Doner sandwich box 17.5 x 6 x 5 cm | F15: 1 | G15: 0.059 | H15: $ | I15: =IF(OR(F15="",G15=""),"",G15/F15/IF(H15="AED",$C$4,IF(H15="L.L.",$C$3,1))) -> 0.059 | J15: =IF(OR(C15="",I15=""),"",C15-I15) -> 0.091 | K15: Narrow; check a sub fits | L15: https://prodelpak.com/product/ecomi-doner/
A16: G | B16: Burger box (kraft) | C16: 0.18 | D16: ProdelPak (Lebanon) | E16: SwipeBox burger box, kraft, 12.5 x 12.5 x 7.5 cm | F16: 200 | G16: 18 | H16: $ | I16: =IF(OR(F16="",G16=""),"",G16/F16/IF(H16="AED",$C$4,IF(H16="L.L.",$C$3,1))) -> 0.09 | J16: =IF(OR(C16="",I16=""),"",C16-I16) -> 0.09 | K16: $0.09 a piece, sold by 200 | L16: https://prodelpak.com/product-category/burger-box/
A17: G | B17: Burger box (kraft) | C17: 0.18 | D17: ProdelPak (Lebanon) | E17: Burger Clam box, kraft, 12 x 11.5 x 6.5 cm | F17: 1 | G17: 0.089 | H17: $ | I17: =IF(OR(F17="",G17=""),"",G17/F17/IF(H17="AED",$C$4,IF(H17="L.L.",$C$3,1))) -> 0.089 | J17: =IF(OR(C17="",I17=""),"",C17-I17) -> 0.091 | K17: Smaller than G | L17: https://prodelpak.com/product/burger-auto/
A18: J | B18: Big burger box (kraft) | D18: ProdelPak (Lebanon) | E18: Flower burger box L, 12.5 x 12.5 x 7.5 cm | H18: $ | I18: =IF(OR(F18="",G18=""),"",G18/F18/IF(H18="AED",$C$4,IF(H18="L.L.",$C$3,1))) | J18: =IF(OR(C18="",I18=""),"",C18-I18) | K18: No price online; ask for a quote with box J's size | L18: https://prodelpak.com/product/14016-flower-burger-l-12-5-12-5-7-5-kraft-stk/
A19: K | B19: Large meal box with handle (kraft) | D19: ProdelPak (Lebanon) | E19: Take-out box with handle L, 23 x 14 x 12.5 cm | H19: $ | I19: =IF(OR(F19="",G19=""),"",G19/F19/IF(H19="AED",$C$4,IF(H19="L.L.",$C$3,1))) | J19: =IF(OR(C19="",I19=""),"",C19-I19) | K19: No price online; ask for a quote | L19: https://prodelpak.com/product/12016-take-out-handle-l-_-23-14-12-5/
A20: K | B20: Large meal box with handle (kraft) | D20: ProdelPak (Lebanon) | E20: Club Box with handles, 17 x 12 x 7.5 cm | H20: $ | I20: =IF(OR(F20="",G20=""),"",G20/F20/IF(H20="AED",$C$4,IF(H20="L.L.",$C$3,1))) | J20: =IF(OR(C20="",I20=""),"",C20-I20) | K20: Smaller; no price online | L20: https://prodelpak.com/product/club-box-new/
A21: L | B21: Broasted bucket | D21: Restaurantware (UAE, for comparison) | E21: Bio Tek paper chicken bucket 85 oz with lid | F21: 100 | G21: 275.47 | H21: AED | I21: =IF(OR(F21="",G21=""),"",G21/F21/IF(H21="AED",$C$4,IF(H21="L.L.",$C$3,1))) -> 0.7500885 | J21: =IF(OR(C21="",I21=""),"",C21-I21) | K21: Import price reference; ask ProdelPak or Katra Press for a local or printed one | L21: https://www.restaurantware.ae/products/bio-tek-85-oz-red-and-white-paper-chicken-bucket-with-lid-100-count-box
A22: L | B22: Broasted bucket | D22: Restaurantware (UAE, for comparison) | E22: Bio Tek paper chicken bucket 130 oz with lid | F22: 100 | G22: 303.99 | H22: AED | I22: =IF(OR(F22="",G22=""),"",G22/F22/IF(H22="AED",$C$4,IF(H22="L.L.",$C$3,1))) -> 0.82774677 | J22: =IF(OR(C22="",I22=""),"",C22-I22) | K22: Size for 10 pieces | L22: https://www.restaurantware.ae/products/bio-tek-130-oz-red-and-white-paper-chicken-bucket-with-lid-25-count-box
A23: L | B23: Broasted bucket | D23: Restaurantware (UAE, for comparison) | E23: Bio Tek paper chicken bucket 150 oz with lid | F23: 100 | G23: 390.74 | H23: AED | I23: =IF(OR(F23="",G23=""),"",G23/F23/IF(H23="AED",$C$4,IF(H23="L.L.",$C$3,1))) -> 1.0639619 | J23: =IF(OR(C23="",I23=""),"",C23-I23) | L23: https://restaurantware.ae/products/bio-tek-150-oz-red-and-white-paper-chicken-bucket-with-lid-100-count-box
A24: M | B24: Aluminium tray, ½ kg | C24: 0.15 | D24: Hotpack / Falcon 8389 (UAE shop, for comparison) | E24: Aluminium container 890 ml with lid | F24: 10 | G24: 6.95 | H24: AED | I24: =IF(OR(F24="",G24=""),"",G24/F24/IF(H24="AED",$C$4,IF(H24="L.L.",$C$3,1))) -> 0.18924438 | J24: =IF(OR(C24="",I24=""),"",C24-I24) -> -0.039244384 | K24: Retail pack of 10 with lids; your $0.15 is good | L24: https://www.talabat.com/ar/uae/grocery/693860/aysha-supermarketkhazam/disposables/containers?aid=3921
A25: N | B25: Aluminium tray, 1 kg | C25: 0.3 | D25: Hotpack 83185 (UAE shop, for comparison) | E25: Aluminium container 1850 ml with lid | F25: 10 | G25: 14 | H25: AED | I25: =IF(OR(F25="",G25=""),"",G25/F25/IF(H25="AED",$C$4,IF(H25="L.L.",$C$3,1))) -> 0.38121171 | J25: =IF(OR(C25="",I25=""),"",C25-I25) -> -0.081211709 | K25: Retail pack of 10 with lids; your $0.30 is good | L25: https://www.talabat.com/ar/uae/grocery/718395/bigbuy-express-supermarket-arjan/disposables/containers?aid=4006

Sheet Suppliers
A1: Supplier | B1: Where | C1: What they sell | D1: Contact | E1: Website
A2: ProdelPak | B2: Lebanon (pickup in Dekweneh) | C2: Kraft and paper boxes, bowls, fry boxes, sandwich and burger boxes; prices online in $ | D2: +961 81 610 121 (orders), +961 76 671 757 (pickup), sales@prodelpak.com | E2: https://prodelpak.com/contact-us/
A3: Al Walid Plast | B3: Hadath, Baabda | C3: Foam containers and trays, aluminium containers, disposables; no prices online | D3: Through the website | E3: https://alwalidplast.com/
A4: Werpack SAL | B4: Zahleh industrial city | C4: Aluminium food packaging | D4: Through Kompass listing | E4: https://us.kompass.com/c/werpack-sal/lb029630/
A5: Katra Press | B5: Bauchrieh, Metn | C5: Carton boxes, food packaging, delivery bags; can print your logo | D5: Through Kompass listing | E5: https://lb.kompass.com/a/paper-bags-and-sacks-for-packaging/16680/
A6: Plastiban SARL | B6: Beirut, Sakiet El Janzeir | C6: Cardboard and plastic boxes | D6: Facebook page | E6: https://www.facebook.com/plastiban/
A7: Restaurantware / Hotpack | B7: UAE | C7: Paper chicken buckets, aluminium and foam; a price check or for a big import order | D7: Online shop | E7: https://www.restaurantware.ae/collections/food-buckets-chicken-buckets
